id,name,area.name,employer.name,salary.from,salary.to,salary.currency,salary.gross
117114407,Frontend-разработчик,Ташкент,NDC-CO,6000000.0,10000000.0,UZS,True
117110836,Java-разработчик,Алматы,SIRIUS LTW,100000.0,200000.0,KZT,False
117114557,Backend-разработчик (Java Spring),Ташкент,NDC-CO,6000000.0,,UZS,False
117068398,Java-разработчик,Ташкент,LUDITO,45000000.0,75000000.0,UZS,False
117022964,Frontend-разработчик junior,Ташкент,COMING SOON STUDIO,5000000.0,8000000.0,UZS,True
117088891,Веб-разработчик React,Ташкент,LIFESTYLE CREATIVE,10000000.0,,UZS,False
117143190,Backend-разработчик,Ташкент,PITTSBURGH INTERNATIONAL,1000.0,2000.0,USD,True
117172257,Junior - разработчик,Москва,Media 108,70000.0,,RUR,False
117214335,React/JS-разработчик (middle),Москва,НТЦ Передовые Системы,220000.0,,RUR,True
117171896,HTML-верстальщик / Frontend-разработчик,Москва,ПЛАТИНУМ,90000.0,100000.0,RUR,True
117155532,Java-разработчик,Москва,AG Soft,,100000.0,RUR,False
117161244,Junior frontend разработчик,Санкт-Петербург,Новые Технологии,60000.0,,RUR,False
116996185,"Frontend-разработчик (React, Next.js)",Ташкент,Raskills,,34800000.0,UZS,False
117209047,Python Backend Разработчик,Тула,Lucky Site,80000.0,150000.0,RUR,False
117076915,Java-разработчик (Junior / Intern),Санкт-Петербург,Федаг,,60000.0,RUR,False
116861246,Web Developer,Ташкент,Next Decade Logistics (ТМ STL TRUCKERS LLC),500.0,1500.0,USD,True
117016759,Frontend-разработчик (Middle),Казань,Саймон Проперти Групп,160000.0,,RUR,False
117101413,Frontend-разработчик,Минск,ЦНИИТУ,4000.0,,BYR,False
117223910,Python-разработчик,Новосибирск,Казаринов Александр Николаевич,100000.0,,RUR,False
117122833,Frontend-разработчик (junior/junior+),Екатеринбург,АПРИКОД,50000.0,,RUR,False
117071187,Frontend-разработчик,Москва,Консалт Плюс,,340000.0,RUR,True
117112093,Frontend-разработчик (Middle),Москва,BiTronics Lab,160000.0,220000.0,RUR,True
117173531,Стажер-программист в ведущую IT-компанию,Алматы,IG Space,,200000.0,KZT,True
117232487,Python-разработчик,Москва,Choosy Recruitment,2000.0,,USD,False
117233016,Frontend-разработчик,Воронеж,Vera Realty,80000.0,80000.0,RUR,False
117113164,Frontend-разработчик,Алматы,Zymyran inc,500000.0,,KZT,True
117087816,Fronted developer,Ростов-на-Дону,Домиан,100000.0,,RUR,False
117107745,Младший разработчик C#,Москва,"АРМО, ГК",80000.0,120000.0,RUR,False
116902709,Junior python (django) разработчик,Санкт-Петербург,ЮТФ,60000.0,,RUR,False
117223663,Инженер-программист (WEB-разработчик),Минск,Государственное предприятие НЦОТ,4000.0,,BYR,False
116157271,Junior Python Developer,Бишкек,Mad Devs,1000.0,,USD,True
117233314,Java разработчик,Брянск,М-Сошал,100000.0,,RUR,False
117049191,Java разработчик,Москва,АБР Тех,,150000.0,RUR,True
117113691,Golang разработчик,Алматы,PARTNERS - SM,,4000.0,USD,False
116857899,Junior Java Developer,Москва,Дартс рекрутинг сервисез,120000.0,150000.0,RUR,False
117229031,Frontend-разработчик,Москва,Фрифлекс,80000.0,120000.0,RUR,False
114991753,C#/.NET-разработчик,Москва,Мэйджор Терминал,175000.0,,RUR,True
116583839,Программист Python (Junior),Владивосток,DNS Технологии,89000.0,,RUR,True
117015857,Backend-разработчик,Ташкент,BESH TECHNOLOGIES,5000000.0,15000000.0,UZS,False
115997564,Frontend-разработчик,Москва,AVS Consulting,50000.0,220000.0,RUR,False
117013229,Программист Python,Москва,Лаборатория моделирования систем,190000.0,,RUR,False
117087572,C#/.NET-разработчик,Минск,Up pashkevich,500.0,1000.0,USD,True
117131358,"Frontend Developer (JS, React)",Санкт-Петербург,ZennoLab,305000.0,,RUR,True
110412718,Junior Python Developer,Таганрог,JavaCode,75000.0,,RUR,False
116329110,VUE разработчик,Москва,В Кадре,170000.0,,RUR,True
116822696,Middle/Senior Frontend Developer,Ташкент,NOMADIAN,18000000.0,,UZS,True
117090426,Python Developer,Сербия,SL KG,,2000.0,USD,True
117160800,Frontend-разработчик,Москва,Чехов М. С.,50000.0,,RUR,False
117037373,JUNIOR+ PYTHON DEVELOPER,Москва,YG,80000.0,150000.0,RUR,True
117135052,Технолог химического производства / Химик-технолог / Химик-разработчик,Минск,Стилмарк,2500.0,,BYR,False
117090630,Frontend-разработчик (React),Нижний Новгород,КОДЕКС-ИТ,80000.0,150000.0,RUR,False
117205900,Golang-разработчик (удалённо),Москва,RecruitTech,230000.0,320000.0,RUR,False
117088395,Программист — разработчик (Junior),Уфа,Техноконтент,70000.0,,RUR,False
117208304,"C# Backend Developer (Япония, Токио)",Япония,"Fileforce, Inc.",3500.0,,USD,False
117213287,HTML Верстальщик / Frontend разработчик,Москва,STATURA,500.0,,USD,False
115797396,Junior Backend-разработчик/стажер (Python),Санкт-Петербург,Kinetica,125000.0,,RUR,False
116993821,Javascript developer (Junior/Middle+/Senior),Минск,Софтнетикс,600.0,3500.0,USD,False
117156442,Frontend-разработчик,Екатеринбург,SIAMS,60000.0,100000.0,RUR,False
117193609,Frontend-разработчик,Москва,Национальный исследовательский университет Высшая школа экономики,150000.0,,RUR,False
116344876,Middle backend-разработчик (Python),Москва,Модульбанк,140000.0,,RUR,True
117211822,Python-разработчик,Москва,Кадровое агентство HireWay,80000.0,,RUR,False
117153981,Разработчик,Санкт-Петербург,ФИНСТАР БАНК,300000.0,300000.0,RUR,True
117202094,Frontend-разработчик,Санкт-Петербург,АГРОИМПЭКС,150000.0,,RUR,False
117214557,Junior+ / Middle разработчик на React/TypeScript,Липецк,Веденеев Борис Сергеевич,64000.0,120000.0,RUR,False
117045285,Разработчик Python/Django,Санкт-Петербург,Решения Для Имейл Рассылок,140000.0,150000.0,RUR,False
117112588,Разработчик,Москва,АКД,25000.0,70000.0,RUR,False
116872204,"Frontend-разработчик (React, Typescript)",Ставрополь,Ставтрэк,100000.0,,RUR,True
117156838,Frontend developer (React),Санкт-Петербург,evilUnion,50000.0,150000.0,RUR,True
117035838,.NET / C# разработчик Junior,Санкт-Петербург,Когорта-М,50000.0,,RUR,False
117190396,Swift Ui разработчик,Москва,Broad Apps,,90000.0,RUR,False
117112930,Java-разработчик,Санкт-Петербург,Хоменко Галина Игоревна,150000.0,250000.0,RUR,False
117210459,Middle Python программист (Django),Москва,HR-Stalker,350000.0,400000.0,RUR,True
117166096,Frontend-разработчик,Москва,Чек-Ап Онлайн,170000.0,,RUR,False
117172861,Frontend-разработчик JavaScript/ JavaScript Developer (React),Санкт-Петербург,СЗ РЦАИ,110000.0,150000.0,RUR,False
117108895,Android разработчик,Тамбов,Смородина,,150000.0,RUR,True
117150601,Junior Python Backend Developer,Санкт-Петербург,Крайчик Георгий Ильич,60000.0,120000.0,RUR,True
116888793,Java-разработчик (Junior),Ростов-на-Дону,Озлокс,50000.0,,RUR,False
117080241,Frontend-разработчик (Junior),Тюмень,Федеральная сеть стоматологических клиник,50000.0,80000.0,RUR,False
117215388,Senior Frontend-разработчик,Москва,Геомирагро,,350000.0,RUR,False
117163315,Android developer,Москва,Триада,,170000.0,RUR,False
117092123,Специалист технической поддержки/web-разработчик,Астана,BenchMark Consulting,150000.0,200000.0,KZT,True
116792570,Junior Developer (стажер),Москва,NEXTLINE Лаборатория рекламы,100000.0,,RUR,False
117112094,Frontend-разработчик (Middle),Долгопрудный (Московская область),BiTronics Lab,160000.0,220000.0,RUR,True
117155922,Middle Front-End Developer,Тбилиси,UAB Selesa,2000.0,,USD,False
116454942,Бизнес-девелопер/Менеджер по развитию бизнеса,Москва,NETONE,130000.0,,RUR,False
116663126,React разработчик (junior),Москва,Купаев Игорь Владимирович,,45000.0,RUR,False
116902762,Python-разработчик,Смоленск,Makeunion,70000.0,90000.0,RUR,False
117104097,IOS разработчик,Тамбов,Смородина,,150000.0,RUR,True
115756308,Middle frontend-разработчик (React),Ростов-на-Дону,ФГАНУ НИИ Спецвузавтоматика,70000.0,140000.0,RUR,False
116825963,Разработчик WEB,Краснодар,Столото,,220000.0,RUR,True
117112095,Frontend-разработчик (Middle),Химки (Московская область),BiTronics Lab,160000.0,220000.0,RUR,True
117150840,Frontend-разработчик (React) в онлайн-школу,Москва,АНО ДПО Ведантика,,150000.0,RUR,False
117188372,Разработчик React + Effector,Москва,Outlines Technologies,,260000.0,RUR,True
106883136,"Frontend-разработчик в Only (Next.js, React)",Москва,Онли,140000.0,,RUR,False
116814674,Junior Python-разработчик,Москва,Sentium (ИП Пономаренко Никита Александрович),130000.0,140000.0,RUR,False
117110708,Frontend Developer (Vue.js),Санкт-Петербург,Лашкевич Наталья Васильевна,170000.0,,RUR,False
116446647,Junior frontend-разработчик,Москва,Метабиотик,150000.0,,RUR,False
117109610,Frontend-разработчик на React,Набережные Челны,РЕСТОПЛЕЙС,90000.0,150000.0,RUR,False
115796950,Junior Frontend-разработчик,Санкт-Петербург,Kinetica,125000.0,,RUR,False
117158078,Unity-разработчик,Москва,Fizika XR,120000.0,,RUR,True
117146789,"Developer Java / Программист Java (Spring Boot, VueJS)",Минск,БалинаСофт,1200.0,3000.0,BYR,True
115500604,Java-разработчик Middle,Москва,Фабрика Решений,180000.0,230000.0,RUR,False
117012097,Frontend-разработчик,Белгород,Kasha soft,30000.0,70000.0,RUR,False
117155531,Junior Web Developer (удаленно),Москва,Wapi OÜ,1200.0,,EUR,False
115797809,Junior Backend-разработчик/стажер (Java),Санкт-Петербург,Kinetica,150000.0,,RUR,False
117106763,Начинающий программист 1С,Курск,Автосв,100000.0,150000.0,RUR,True
116826109,Python-разработчик,Казань,Столото,,220000.0,RUR,True
116828390,Программист-разработчик,Ташкент,METAMED,7000000.0,8000000.0,UZS,False
116912922,Начинающий разработчик (Web/Desktop),Санкт-Петербург,SigmaLab,20000.0,20000.0,RUR,False
117061688,Стажер-программист Java,Москва,ББРК,70000.0,90000.0,RUR,False
117150720,Junior Java Backend Developer,Санкт-Петербург,Крайчик Георгий Ильич,60000.0,120000.0,RUR,True
117180454,Python backend developer,Москва,Ритейл-Процессинг,280000.0,300000.0,RUR,False
115915073,Frontend-разработчик/Верстальщик,Москва,Карьера +,200000.0,,RUR,False
117098595,WEB-разработчик,Москва,Кадровый Метод,120000.0,,RUR,False
117103524,Junior/middle Django developer,Санкт-Петербург,ДЛЕ ТЕХ,90000.0,200000.0,RUR,False
117233505,Frontend-разработчик VueJS,Москва,Территория 2.0,100000.0,130000.0,RUR,False
117045319,Frontend разработчик (Junior/Junior+),Москва,amoCRM,,100000.0,RUR,True
116763609,Junior Unity-разработчик (Unity Developer),Москва,GeeKid,33000.0,,RUR,False
116997089,Junior Java Developer,Новосибирск,Динамика,65000.0,110000.0,RUR,False
117211939,Middle Java-разработчик,Санкт-Петербург,УМНЫЙ ПОИСК,,230000.0,RUR,False
117213252,Программист С#,Санкт-Петербург,ЦНИИ РТК,50000.0,80000.0,RUR,False
116479133,Frontend developer (React),Москва,Secumarket,150000.0,200000.0,RUR,False
116737342,Frontend-разработчик,Москва,Major Ассистанс,180000.0,200000.0,RUR,False
117063532,Unity-разработчик,Москва,aPieGames (Маркин Тимофей Игоревич),90000.0,,RUR,False
116883021,Java-разработчик middle+/senior,Санкт-Петербург,Крокодил,180000.0,240000.0,RUR,False
116027251,Middle Frontend разработчик,Москва,RecruitTech,200000.0,250000.0,RUR,False
117015111,Golang разработчик,Казань,Саймон Проперти Групп,150000.0,,RUR,False
117112942,Frontend-разработчик,Москва,Revoluterra,,220000.0,RUR,False
116895946,Frontend developer,Москва,Делаем IT,120000.0,170000.0,RUR,False
117024328,Инженер-программист АСУ ТП,Актобе,АМЕ-Глобал,450000.0,600000.0,KZT,False
116574300,Разработчик Java,Москва,Удобный Софт,150000.0,,RUR,False
115724738,Программист-стажёр,Москва,Cetera,17000.0,17000.0,RUR,False
116137710,Junior Java разработчик,Москва,НТ Разработки,80000.0,,RUR,False
117110021,Senior Front-End Developer,Минск,КюДеИкс,2800.0,,USD,False
115758717,Senior Frontend-разработчик / Лид команды,Москва,АйТи Фаундейшн,350000.0,,RUR,False
117121323,Business Development Manager,Красноярск,iFCM,200000.0,,RUR,False
117132549,Разработчик Java / Java Developer (middle),Москва,АГ-Логистик,,250000.0,RUR,False
115776831,Программист,Бишкек,Асман Банк,90000.0,150000.0,KGS,True
116883318,Middle Frontend Developer/Software Engineer,Ташкент,EVERBESTLAB,10000000.0,20000000.0,UZS,True
116787545,Junior Front-end разработчик,Москва,Фьюче,40000.0,60000.0,RUR,False
117167327,Frontend-разработчик,Санкт-Петербург,Клаудкомсофтваре,150000.0,,RUR,False
117090380,.NET разработчик,Москва,Monnect,,400000.0,RUR,False
116846765,Fronted developer,Москва,Wanted,,300000.0,RUR,False
117031061,Java-разработчик,Москва,Бизнес-Азимут,250000.0,300000.0,RUR,True
116975613,Frontend-разработчик,Москва,Кожемякин Дмитрий,160000.0,200000.0,RUR,False
117016758,Программист Python (Junior),Уфа,Уфанет,60000.0,80000.0,RUR,False
117022564,Стажер Веб-разработчик +ML,Екатеринбург,Амплифай Лэб,20000.0,20000.0,RUR,False
117173600,Senior Frontend (JavaScript) разработчик,Москва,Vital Partners,350000.0,430000.0,RUR,False
117210427,Junior Frontend-разработчик React,Нижний Новгород,Смирнов Андрей Петрович,60000.0,90000.0,RUR,True
117179044,Веб-программист,Краснодар,Остапенко Богдан Юрьевич,65000.0,110000.0,RUR,False
117234580,IOS-разработчик,Москва,ВИЗ,,120000.0,RUR,False
117111511,Python Middle разработчик,Санкт-Петербург,Айти Ворлд,140000.0,,RUR,False
116887059,Python-Разработчик (Django),Астана,Dreamlab Technologies Ltd,300000.0,450000.0,KZT,False
117112161,Junior .NET разработчик (C#),Краснодар,Russian Robotics,50000.0,50000.0,RUR,False
117188527,Разработчик решений в области AI/ML,Москва,Эксайт Кит,,150000.0,RUR,False
115923264,Frontend-разработчик,Москва,Code Dunes Solution,,155000.0,RUR,True
117022519,Frontend-разработчик (ReactJS),Санкт-Петербург,ИЛС Интеграция,190000.0,,RUR,False
116822177,Junior / Middle C# .NET Developer,Архангельск,Реклауд,40000.0,80000.0,RUR,True
117079555,Frontend-разработчик,Казань,ГБУ Институт пространственного планирования РТ,120000.0,,RUR,True
117038002,Middle Java Developer,Ростов-на-Дону,Ануфриева Марина Сергеевна,150000.0,,RUR,False
117088847,Python developer,Москва,АВ Софт,170000.0,,RUR,False
117088951,Backend-разработчик,Москва,Гроу Медиа,200000.0,,RUR,False
116086076,"Frontend разработчик (Html, JavaScript)",Санкт-Петербург,Zebomba Games,70000.0,120000.0,RUR,False
116460292,"Frontend-разработчик (Middle/Middle+, React)",Москва,МЕН ИН ДЕВ,130000.0,,RUR,False
114583417,Middle Frontend разработчик React,Москва,Сфера,150000.0,220000.0,RUR,False
116917581,Java-разработчик,Омск,Айти Шеф,180000.0,,RUR,False
116858743,Разработчик Java (middle/senior),Москва,Терра Тех,250000.0,,RUR,False
117086194,Frontend-разработчик,Минск,Унум,2000.0,,USD,False
116572708,Программист 1С,Москва,Сеть многопрофильных клиник,400000.0,400000.0,RUR,False
115879338,Python developer,Барнаул,КОМТЕК,80000.0,170000.0,RUR,False
117037030,Business Development Manager,Москва,Щербинин Сергей Витальевич,300000.0,700000.0,RUR,True
117143977,Java-разработчик мод-пак сборки minecraft,Москва,Смирнов Даниил Денисович,50000.0,,RUR,False
115270437,Frontend-разработчик,Москва,RecruitTech,,150000.0,RUR,False
116975166,React (Frontend) - разработчик,Казань,Натфуллин Рушан Рустемович,40000.0,60000.0,RUR,True
117172327,Разработчик баз данных MS SQL,Москва,С.С.М.,250000.0,400000.0,RUR,True
116907192,Разработчик python,Москва,Дивергент,,200000.0,RUR,False
117107429,Python-разработчик уровня Middle+,Москва,Поляков Денис Олегович,160000.0,,RUR,False
116113675,Frontend developer,Санкт-Петербург,Парконика,150000.0,,RUR,False
117018448,Frontend-разработчик,Ярославль,Студия Перцы,40000.0,50000.0,RUR,False
117200391,Python Web3 разработчик,Москва,Полянский Герман Игоревич,100000.0,250000.0,RUR,True
117058015,Программист,Москва,ЕМЕ,,230000.0,RUR,False
117088562,Разработчик под IOS в команду,Москва,АйТи Фо Ю,,150000.0,RUR,False
117039237,Начинающий Frontend-разработчик,Новосибирск,Сычалин Артем Владимирович,65000.0,,RUR,True
116145431,Frontend-разработчик (React),Москва,НОВАТОР,80000.0,150000.0,RUR,False
117143928,Middle/Senior .NET Developer,Москва,РР-ТЕХ,250000.0,,RUR,False
116939144,Разработчик BPM,Астана,«Izi Paq»,300000.0,600000.0,KZT,False
116106388,Junior Python разработчик,Москва,DDPlanet,100000.0,,RUR,False
116210968,Junior Java-разработчик,Москва,Tech Horizon,,175000.0,RUR,True
116850238,Java-разработчик (Junior),Таганрог,Комплексные программные решения,55000.0,75000.0,RUR,False
117171983,Java developer (Payments),Санкт-Петербург,МОНЕТА,250000.0,350000.0,RUR,False
117109172,Разработчик java+ PHP/ back-end (middle+),Москва,Бизнес Трэвел Джоб,300000.0,350000.0,RUR,False
117048270,Junior frontend-разработчик React,Самара,Смирнов Андрей Петрович,60000.0,90000.0,RUR,True
117137879,Средний iOS разработчик,Ташкент,WATCHDOG,,2500.0,USD,True
116455408,Python-разработчик,Москва,amoCRM,80000.0,105000.0,RUR,True
117061650,Стажер-разработчик мобильных игр,Саратов,Курылев Дмитрий Петрович,30000.0,150000.0,RUR,True
116754024,Frontend-разработчик,Ташкент,PITTSBURGH INTERNATIONAL,5000000.0,13000000.0,UZS,True
116446104,Python-разработчик,Москва,ZephyrLabs,,160000.0,RUR,False
115597425,Начинающий Frontend-разработчик,Москва,Сычалин Артем Владимирович,65000.0,,RUR,True
117143009,Разработчик Junior C++,Москва,Ориент Системс,100000.0,150000.0,RUR,False
116587352,"Javascript разработчик (React, Typescript)",Москва,Эд-АйТи,,220000.0,RUR,False
116816973,Junior Android Kotlin developer,Москва,Илюхин Артём Вадимович,30000.0,,RUR,False
117205905,Инженер-программист,Алматы,ASPAN telecom,400000.0,,KZT,False
116956452,Frontend-разработчик (React),Казань,Мир технологий,120000.0,150000.0,RUR,False
117099632,PHP-разработчик native (продуктовая IT-компания),Москва,Система Продаж,80000.0,130000.0,RUR,False
117112976,PHP-разработчик,Алматы,Zymyran inc,500000.0,,KZT,False
115721472,Java разработчик / Backend Java Developer (Junior),Москва,Теории от практиков,50000.0,70000.0,RUR,True
117189114,Backend Go Developer,Самара,Альфа Сервис,,1200.0,USD,False
117123210,Java-разработчик,Санкт-Петербург,Eclipse Digital,180000.0,285000.0,RUR,False
101125199,"Senior front-end разработчик (TypeScript, React)",Москва,Mindbox,320000.0,460000.0,RUR,True
116828925,Web-разработчик,Кемерово,Jobers,100000.0,300000.0,RUR,False
117022783,Middle-фронтенд разработчик,Ижевск,Омегасофтвер Рус,,100000.0,RUR,True
116215586,Стажер Java-разработчик,Москва,Tech Horizon,50000.0,70000.0,RUR,True
116913216,Python-разработчик (junior|middle),Ростов-на-Дону,ФГАНУ НИИ Спецвузавтоматика,60000.0,150000.0,RUR,False
117144559,Tilda-разработчик / Вэб - разработчик,Астана,Центр развития предпринимателей,150000.0,500000.0,KZT,True
116883223,Java-разработчик middle+/senior,Красноярск,Крокодил,180000.0,240000.0,RUR,False
115820860,Начинающий Frontend-разработчик,Санкт-Петербург,Сычалин Артем Владимирович,65000.0,,RUR,True
116230563,Разработчик сайта,Москва,ТК Лидер ДВ,120000.0,,RUR,False
116345432,Frontend Developer (React),Москва,Offer Now,,400000.0,RUR,True
116858500,Backend-разработчик,Москва,Solid Apps,80000.0,160000.0,RUR,True
116231984,JavaScript разработчик,Москва,AG Soft,,110000.0,RUR,False
116760887,Python Backend разработчик,Москва,Эталон,150000.0,200000.0,RUR,False
116901974,Frontend-разработчик,Атырау,Citicom Systems,500000.0,,KZT,False
115908312,Frontend-разработчик,Санкт-Петербург,Vedexx,150000.0,200000.0,RUR,False
115694422,Frontend-разработчик TS/React,Москва,ТехАудит,130000.0,170000.0,RUR,False
116783735,Junior Java Developer,Астана,IServ,200000.0,,KZT,False
116498708,Frontend-разработчик (Junior/Junior+),Екатеринбург,VICTORY group,80000.0,140000.0,RUR,False
116841320,Разработчик Frontend React (junior),Нижний Новгород,Студия Т_Г,70000.0,80000.0,RUR,False
116852459,Python-разработчик,Казань,Эрэмэйч Рус,70000.0,170000.0,RUR,False
117047006,Программист-разработчик,Брянск,Мегаполис Групп,100000.0,,RUR,False
115688042,Python-разработчик,Москва,ProfPass,60000.0,,RUR,True
116371930,"Frontend-разработчик (react, nextjs, graphql)",Москва,SIA MEEKA,2600.0,,EUR,False
116715086,"Junior Backend Developer (Python, FastAPI, PostgreSQL)",Москва,Solo,50000.0,100000.0,RUR,True
117047054,Веб- разработчик,Москва,ФАРМАЦЕВТИКАЛ КОСМЕТИК РУС,130000.0,,RUR,False
116821591,Аналитик-разработчик отчётности,Москва,Экспобанк,,380000.0,RUR,True
117200983,Аналитик данных – Разработчик отчётов,Москва,"Красное & Белое, розничная сеть",,300000.0,RUR,False
116994779,IOS-разработчик,Красноярск,ZOTA,60000.0,,RUR,False
117155515,Front-End Разработчик (Angular),Москва,Юнитесс,150000.0,,RUR,False
116913205,Frontend разработчик,Москва,Кольба Владимир Сергеевич,30000.0,40000.0,RUR,False
115264604,Frontend-разработчик / React developer,Москва,КАТЮША ПРИНТ,,250000.0,RUR,True
117041258,Программист C# Junior,Уфа,Лексема,30000.0,,RUR,False
116636693,Frontend-разработчик junior/intern,Москва,Илюхин Артём Вадимович,30000.0,,RUR,False
116829797,Web-разработчик,Санкт-Петербург,SaytSPB,,100000.0,RUR,False
117086446,Business Development Associate,Москва,Наталья Мирская,500000.0,750000.0,RUR,True
117132580,Senior Java Developer,Санкт-Петербург,Brainway LTD,4000.0,5500.0,USD,False
115622030,Junior Web-разработчик,Нижний Новгород,CAD Exchanger,60000.0,,RUR,True
111882579,Frontend-разработчик,Москва,Лэтуаль Диджитал,200000.0,230000.0,RUR,True
117034842,Junior Golang Developer,Ростов-на-Дону,SkillsRock,75000.0,90000.0,RUR,True
117046287,Java-разработчик,Москва,Кадровое Агентство Уникальных Специалистов,,180000.0,RUR,False
116481243,Frontend Developer,Москва,Грамант,200000.0,250000.0,RUR,False
117082036,Младший 1С-программист,Москва,F1Pro,100000.0,,RUR,False
99067076,Младший Разработчик С++,Москва,TrueConf,100000.0,,RUR,False
117215152,Backend-разработчик (проект / разовая задача),Москва,FronTech AI,,30000.0,RUR,False
116234912,Frontend-разработчик,Санкт-Петербург,Технологии маркетинга,70000.0,140000.0,RUR,True
116214504,Начинающий Frontend-разработчик,Краснодар,Сычалин Артем Владимирович,65000.0,,RUR,True
116157890,Middle Frontend-разработчик,Санкт-Петербург,Макрон Цифровые Системы,150000.0,200000.0,RUR,False
116653842,Начинающий Frontend-разработчик,Екатеринбург,Сычалин Артем Владимирович,65000.0,,RUR,True
116740346,PHP-разработчик,Москва,Малюк Дарья Сергеевна,300000.0,,RUR,False
117042152,Технолог-программист станков с ЧПУ,Санкт-Петербург,Меркурий,172000.0,,RUR,True
116236691,Junior Front-end разработчик,Москва,TONKA,50000.0,80000.0,RUR,False
117087872,Разработчик Python/Django,Санкт-Петербург,Сколиолоджик.ру,130000.0,200000.0,RUR,False
117123901,Оператор-наладчик станков с ЧПУ (с функциями программиста),Екатеринбург,ДЗХМ,150000.0,200000.0,RUR,True
117147448,Middle Frontend разработчик (Vue.js),Ташкент,ANYSOFT,8000000.0,15000000.0,UZS,True
116105297,Junior developer TypeScript (JavaScript),Москва,Linked Helper,800.0,,USD,False
115863765,Frontend-разработчик,Ташкент,ONLINE COSMETIC,,2000.0,USD,True
116036947,Frontend разработчик,Москва,Агентство Нейрон,75000.0,,RUR,False
115798563,Trainee/Intern/Junior Python backend developer,Санкт-Петербург,Рекруто,20000.0,40000.0,RUR,True
117000391,Инженер-программист,Уфа,ФБУ ЦСМ им. А.М. Муратшина в Республике Башкортостан,100000.0,150000.0,RUR,True
117149701,Frontend-разработчик Angular,Москва,РР-ТЕХ,200000.0,,RUR,False
115988224,Java-разработчик,Санкт-Петербург,ЭКАН,130000.0,,RUR,True
116017891,Веб-разработчик,Москва,Точка Оплаты,50000.0,100000.0,RUR,False
117016389,Backend-разработчик,Кемерово,Софт Инжиниринг,70000.0,150000.0,RUR,False
115760677,Ведущий программист,Москва,ISS,300000.0,,RUR,False
116020311,Frontend-разработчик,Рязань,Умный Транспорт,250000.0,300000.0,RUR,False
116480503,React разработчик,Москва,Sibdev,150000.0,200000.0,RUR,False
116724918,Frontend developer (JavaScript) / Фронтенд разработчик,Москва,Kappa,700.0,,USD,False
116591570,Программист Java (Junior),Москва,ПКО ЦДУ,70000.0,,RUR,True
117143970,Разработчик,Астана,Частная компания Connected Home Ltd.,500000.0,,KZT,False
117012206,Веб-разработчик,Москва,Atrum,50000.0,200000.0,RUR,False
117012232,PHP-разработчик,Москва,Минин Юрий Владимирович,130000.0,160000.0,RUR,False
116883224,Java-разработчик middle+/senior,Уфа,Крокодил,180000.0,240000.0,RUR,False
112696337,Разработчик,Челябинск,Модерн Гласс,95000.0,122000.0,RUR,False
116180214,Golang-разработчик,Санкт-Петербург,IQ Progers,30000.0,80000.0,RUR,False
116973485,Программист-разработчик,Санкт-Петербург,Скайтек,70000.0,200000.0,RUR,True
116790448,Senior Frontend - разработчик,Москва,getmatch,,400000.0,RUR,False
116895505,Веб разработчик,Тобольск,Рябков Иван Эдуардович,40000.0,60000.0,RUR,False
117080027,Разработчик C++,Москва,LIAN,290000.0,310000.0,RUR,False
116674322,Unity-разработчик (Junior/Middle) Steam,Москва,Strong Monkey Games,,1000.0,USD,False
116653843,Начинающий Frontend-разработчик,Нижний Новгород,Сычалин Артем Владимирович,65000.0,,RUR,True
115688302,Java разработчик (middle),Москва,Лоджик Телеком,,240000.0,RUR,True
116784677,Программист-стажер,Барнаул,Комплексная Интеграция,25000.0,,RUR,False
116843734,Программист,Ростов-на-Дону,Парус-Дон,55000.0,95000.0,RUR,True
115623553,React Developer,Москва,AbeloHost B.V.,1200.0,1700.0,EUR,False
115719259,Frontend-разработчик (React),Санкт-Петербург,AT-WORK,70000.0,,RUR,False
116479652,Frontend-разработчик (Vue 3),Москва,TradeLink,1500.0,2000.0,USD,True
116767266,Middle Frontend-разработчик (React),Москва,Перескоков Сергей Викторович,200000.0,300000.0,RUR,True
117028401,Unity/C# developer (Middle / Middle+),Москва,Голдовский Игорь Витальевич,120000.0,200000.0,RUR,True
112761946,Junior Java Developer,Ростов-на-Дону,JavaCode,75000.0,,RUR,False
116499299,Frontend developer (Junior/Junior+),Екатеринбург,VICTORY group,80000.0,140000.0,RUR,False
116752398,Frontend-разработчик,Воронеж,Актив Компьютерс,50000.0,75000.0,RUR,False
117045898,Разработчик .Net/С#,Москва,Плейспартс,180000.0,,RUR,False
117047009,Программист-разработчик,Оренбург,Мегаполис Групп,100000.0,,RUR,False
117079472,C# разработчик,Воронеж,Kvando Technologies,,180000.0,RUR,False
117197031,Backend-разработчик,Москва,Таранов Антон Юрьевич,1200.0,1500.0,USD,False
116561890,Программист 1С,Чебоксары,Пионер-лизинг,100000.0,,RUR,True
116720212,Junior Blockchain Developer,Москва,SHiFT AM,250000.0,,RUR,False
116837180,Frontend-разработчик,Екатеринбург,Студия ИСКРА,60000.0,75000.0,RUR,False
116073008,Frontend-разработчик,Москва,Литвинов Денис,200000.0,,RUR,False
116464254,Python developer (Junior+),Москва,М1НТ,60000.0,,RUR,False
88002912,Junior Software Developer (C/C++/C#),Санкт-Петербург,ВСВН Лаб,130000.0,,RUR,False
116701311,Unity программист,Санкт-Петербург,Samustai,,1200.0,USD,False
117071828,"Junior-разработчик (PHP, Laravel, React)",Алматы,Айм Ивент,350000.0,500000.0,KZT,False
117153087,PHP-разработчик,Серпухов (Московская область),Веб Разработки,,30000.0,RUR,False
116748430,PHP Laravel Backend разработчик,Москва,Литмаркет,150000.0,,RUR,False
117126378,Разработчик С++ (QT Developer),Москва,Техинлайн,250000.0,270000.0,RUR,True
116883222,Java-разработчик middle+/senior,Воронеж,Крокодил,180000.0,240000.0,RUR,False
117071874,Middle Frontend Developer,Магнитогорск,ИТЦ Аусферр,80000.0,100000.0,RUR,False
115949801,Frontend-разработчик,Москва,Миронов Вадим Евгеньевич,,150000.0,RUR,True
116764810,Frontend-разработчик,Москва,Компас,150000.0,220000.0,RUR,False
116738058,Стажер/frontend-разработчик,Воронеж,Travelata.ru (ООО Травелата),30000.0,30000.0,RUR,False
116386061,Senior Full-stack Developer,Москва,Головенков Фёдор Владимирович,11000.0,14000.0,USD,False
117123548,Middle Android Developer,Ташкент,WATCHDOG,,2500.0,USD,False
115940629,Frontend-разработчик (Angular/Москва),Москва,LionAdverts,200000.0,300000.0,RUR,False
117215385,Senior Java-разработчик,Москва,VeryIT,,300000.0,RUR,True
115476223,Senior Frontend Developer,Москва,Ре-Сим,,4000.0,USD,False
115616863,"Middle Frontend-разработчик (React, Next.js)",Тамбов,Zero Agency,150000.0,250000.0,RUR,True
116895504,Веб разработчик,Тюмень,Рябков Иван Эдуардович,40000.0,60000.0,RUR,False
116326098,Frontend-разработчик,Москва,Группа SRG,100000.0,,RUR,False
117088871,Программист-разработчик,Уфа,Технические Системы,30.0,150000.0,RUR,False
115484273,Backend Senior Developer (PHP),Москва,ВЛАДИС,500000.0,,RUR,True
116382178,Frontend-разработчик,Москва,Телетайп,200000.0,230000.0,RUR,False
117010908,Middle+ Unity Developer,Москва,Kimikosoft,2000.0,3000.0,USD,False
117184652,Разработчик C++ (стажёр),Пермь,VR-IT,25000.0,25000.0,RUR,False
116521832,Front-End Developer,Москва,Pixel Point,,4500.0,USD,False
117045880,Frontend-разработчик,Астана,Best Central Group,,700000.0,KZT,True
108637875,Разработчик .net / С#,Москва,КАТЮША ПРИНТ,,500000.0,RUR,False
116747581,Go Developer,Москва,Ирбис,70000.0,,RUR,False
117009828,Java-разработчик,Москва,Кадровое Агентство Уникальных Специалистов,250000.0,,RUR,True
117039238,Начинающий Frontend-разработчик,Волгоград,Сычалин Артем Владимирович,65000.0,,RUR,True
117152158,Программист,Архангельск,Архангельский целлюлозно-бумажный комбинат,80000.0,,RUR,False
115916238,Golang-разработчик,Москва,Revoluterra,,300000.0,RUR,True
117048998,"Разработчик Node.js, back end",Москва,Ковальская Наталия Сергеевна,1500.0,4000.0,USD,False
115914636,Backend разработчик Python,Москва,НТЦ Система,100000.0,,RUR,False
116350301,Backend-разработчик,Санкт-Петербург,VibeLab,100000.0,200000.0,RUR,False
116807048,Java Developer,Санкт-Петербург,Решение,90400.0,135600.0,RUR,True
116822727,Программист Python/Go,Екатеринбург,"Живика, аптечная сеть",90000.0,120000.0,RUR,False
116182322,Junior Developer,Москва,MarPla,80000.0,130000.0,RUR,False
117093982,Backend разработчик (PHP + Laravel),Санкт-Петербург,Центр Программного Обеспечения,50000.0,150000.0,RUR,False
117181784,Разработчик С++ (junior),Москва,Уникальные Волоконные Приборы - Комплексные Системы,130000.0,,RUR,True
116796830,Программист-стажер 1С,Воронеж,АНТ-ХИЛЛ,50000.0,,RUR,True
117045542,Fullstack-разработчик,Астана,Best Central Group,,1500000.0,KZT,True
117064076,Программист Python,Москва,Глоба Наталья Андреевна,1500.0,2000.0,USD,False
91620623,Frontend-разработчик в Only,Новокузнецк,Онли,100000.0,,RUR,False
117048518,Программист 1С,Москва,Транссвязь,180000.0,250000.0,RUR,False
116886176,Android разработчик,Москва,Лэтуаль Диджитал,350000.0,,RUR,True
117082990,Junior - middle fullstack разработчик,Алматы,AlmaTech,500000.0,,KZT,False
110304416,Junior Golang Developer,Казань,JavaCode,75000.0,,RUR,False
117130298,Kotlin/Android разработчик,Москва,Фабрика Кода,130000.0,,RUR,False
115948605,Frontend-разработчик,Санкт-Петербург,MoeVideo,100000.0,250000.0,RUR,False
117008370,PHP-разработчик,Екатеринбург,Ведисофт,,180000.0,RUR,False
115765777,Front-end developer (middle),Москва,Рекрутинговое агентство Digger,,120000.0,RUR,False
116357873,Frontend-разработчик Junior/Middle (Удаленно),Москва,Your CodeReview,80000.0,120000.0,RUR,False
116710571,Junior PHP Backend Developer (Стажер),Воронеж,Travelata.ru (ООО Травелата),30000.0,30000.0,RUR,False
115825684,Junior Unity Developer,Москва,Garden of Dreams,25000.0,40000.0,RUR,False
117028072,Python-разработчик,Москва,Revoluterra,,300000.0,RUR,False
117009752,Программист,Москва,ОПТОМЕД,160000.0,200000.0,RUR,True
117063378,Rust-разработчик,Минск,Up pashkevich,450.0,900.0,USD,True
117046555,Математик - программист C/Python,Москва,Интегрит,90000.0,250000.0,RUR,True
117093620,Web-разработчик (Junior),Подольск (Московская область),RCG,50000.0,,RUR,True
116859607,Java-разработчик,Москва,Кадровое агентство HireWay,80000.0,,RUR,False
117061554,Стажер-программист 1С,Евпатория,Евпатерм,,30000.0,RUR,True
116598848,Middle Backend Developer (Backend),Алматы,ЧК MOSTtech Ltd.,2000000.0,,KZT,False
115756469,Frontend разработчик (стажёр),Пермь,VR-IT,25000.0,,RUR,False
116899728,TypeScript-разработчик,Санкт-Петербург,SearchInform,250000.0,400000.0,RUR,False
115675940,Frontend-разработчик,Москва,НТЦ Система,100000.0,,RUR,False
116975232,Frontend-разработчик,Москва,Baldmonkey LTD,80000.0,120000.0,RUR,True
115716759,Frontend-разработчик,Москва,KTS,,180000.0,RUR,False
117113789,Backend - разработчик TeamLead,Ташкент,NDC-CO,1500.0,2000.0,USD,True
117236141,Python-разработчик (Junior/Middle),Москва,LATOKEN,1500.0,3100.0,USD,True
116826868,Разработчик программного обеспечения,Алматы,Bright Vision,300000.0,,KZT,False
115627631,Frontend-разработчик React / Next,Москва,Халеев Андрей Александрович,150000.0,250000.0,RUR,False
116768618,Разработчик Python,Москва,Кинофлекс,250000.0,300000.0,RUR,False
116859348,Python Developer,Нижний Новгород,АСД Технолоджиз,200000.0,,RUR,False
117069748,Vue 3 frontend разработчик | Junior | Middle,Санкт-Петербург,МСДис,90000.0,130000.0,RUR,False
115615472,Junior Frontend Developer,Екатеринбург,uForce,50000.0,,RUR,True
117200605,Программист,Самара,ГКУ СО РЦОСПН,38000.0,38000.0,RUR,False
117019296,Программист Python,Москва,МФТИ,120000.0,300000.0,RUR,False
116174816,Веб-Программист — Front-End Разработчик,Воронеж,ДИСЕНТ,40000.0,70000.0,RUR,False
117043054,IOS-разработчик,Москва,KORPU (Жерносек Станислав),250000.0,,RUR,False
116774514,Junior Golang Developer,Ростов-на-Дону,JavaCode,75000.0,,RUR,False
117077387,Разработчик электронных образовательных курсов iSpring,Санкт-Петербург,Проводник,80000.0,,RUR,False
116742860,Front-End разработчик,Минск,Информационно-издательский центр по налогам и сборам,2500.0,,BYR,False
117047264,Программист 1С (стажёр),Пенза,Бизнес Архитектор,30000.0,,RUR,True
115897053,Программист 1С (начинающий),Санкт-Петербург,"Теремок - Русские Блины, Санкт-Петербург",,195400.0,RUR,True
117018284,Android разработчик middle (kotlin),Москва,VPNM (Тихонов Денис Олегович),150000.0,200000.0,RUR,False
117048195,Разработчик JavaScript (Node.js + frontend),Москва,SW Development,150000.0,200000.0,RUR,False
116813952,Middle+ Frontend Developer (React),Владимир,Малина Консалтинг,2500.0,3000.0,USD,False
109577107,Разработчик,Санкт-Петербург,ГравиЛинк,300000.0,600000.0,RUR,True
116892136,Android-разработчик,Санкт-Петербург,ЛИПТ Софт,,500000.0,RUR,True
116040348,Blockchain-разработчик,Москва,ДенЛеДа,150000.0,,RUR,False
116527603,Младший разработчик C#,Казань,РТСИМ,50000.0,,RUR,False
117032504,Python-developer,Москва,Salesmatch,,350000.0,RUR,True
116932284,Разработчик Back-End Java / BigData (Junior to Senior),Москва,Kameleoon,75000.0,350000.0,RUR,True
117179958,Программист,Екатеринбург,Уральский федеральный университет,80000.0,,RUR,False
116889708,Веб-разработчик,Москва,Рантэйр,50000.0,,RUR,True
116504948,Backend-разработчик,Ижевск,Лаборатория IT технологий,40000.0,70000.0,RUR,True
116799394,C#/.NET-разработчик,Москва,Перформикс,,300000.0,RUR,False
117047679,Программист 1С,Москва,Московский капитал,350000.0,,RUR,False
115506799,Frontend-разработчик,Москва,Sapiens solutions,250000.0,350000.0,RUR,True
117078312,Unity разработчик,Москва,Геомакс Финанс,85000.0,,RUR,False
117072554,C#-разработчик,Москва,Барлайн,200000.0,,RUR,False
116519972,Java-программист,Москва,РеИнформ Инт.,200000.0,,RUR,True
116994469,Junior Full Stack Developer,Санкт-Петербург,Терехов,75000.0,90000.0,RUR,True
117122492,Инженер-программист микроконтроллеров C++20,Москва,Мелекесов Максим Эдуардович,150000.0,230000.0,RUR,False
117165627,PHP Laravel разработчик,Москва,Alexarix,1500.0,2500.0,USD,False
116895686,Программист SQL,Бишкек,C-Technology,35000.0,,KGS,False
116886864,Senior React Frontend Developer,Ростов-на-Дону,Вижнсервис,200000.0,250000.0,RUR,False
117030276,Junior+ Android Developer,Санкт-Петербург,СИКСХЭНДС,100000.0,180000.0,RUR,True
116520556,Программист 1С,Москва,Российский Союз Автостраховщиков,150000.0,,RUR,False
115972431,Frontend-разработчик,Котельники  (Московская область),Фирма КАЛИТА,150000.0,,RUR,False
117168109,Backend-разработчик,Воронеж,Data Science,80000.0,200000.0,RUR,False
117047008,Программист-разработчик,Саранск,Мегаполис Групп,100000.0,,RUR,False
116086058,Frontend-разработчик,Москва,HFLabs,,250000.0,RUR,False
116501050,Frontend разработчик (middle+/senior),Санкт-Петербург,Протей Ай-Ти-Инжиниринг,,300000.0,RUR,False
116889843,Разработчик маршрутизатора,Москва,НИЦ ЦТ,250000.0,350000.0,RUR,False
115684302,React developer (Senior),Москва,Бриф,340000.0,360000.0,RUR,False
116545128,Frontend-разработчик,Москва,ИЦ АЙ-ТЕКО,,280000.0,RUR,False
116837635,Python разработчик,Омск,Репин Артур Александрович,40000.0,60000.0,RUR,False
116908378,GO Developer,Ростов-на-Дону,ФОДЖИН,,140000.0,RUR,True
117112379,PHP-программист,Москва,Випсервис,160000.0,,RUR,False
116216727,Backend-разработчик,Москва,Коста Рус,120000.0,150000.0,RUR,True
116527641,"Frontend developer / React Frontend developer (middle, от 2х лет)",Санкт-Петербург,Ол Ист Трейд,,200000.0,RUR,False
117016266,WEB-разработчик,Уфа,Уфанет,60000.0,100000.0,RUR,False
117080549,Разработчик,Чебоксары,Гарант-Чебоксары,40000.0,120000.0,RUR,True
115610130,Junior Frontend-разработчик React,Казань,Смирнов Андрей Петрович,60000.0,90000.0,RUR,True
116889875,Бэкенд-разработчик в стартап-проект,Москва,Кредоникс Рус,200000.0,300000.0,RUR,False
116637221,Junior/Middle React/Redux frontend разработчик,Тольятти,СИСТЕМЫ МОНИТОРИНГА,80000.0,80000.0,RUR,True
116659601,Django Разработчик,Москва,RusProJDev,70000.0,120000.0,RUR,False
116697925,Middle Golang-разработчик,Москва,RecruitTech,150000.0,220000.0,RUR,False
115040894,Программист-стажер,Томск,Unigine,30000.0,30000.0,RUR,False
116026869,Верстальщик / программист-стажер,Пермь,Growtask,20000.0,,RUR,False
116860958,Front-end разработчик,Ростов-на-Дону,МИТРА,70000.0,70000.0,RUR,True
117021545,Frontend-разработчик (senior),Новосибирск,Инетра,250000.0,300000.0,RUR,False
117047007,Программист-разработчик,Владимир,Мегаполис Групп,100000.0,,RUR,False
116839293,Разработчик Frontend React,Кемерово,Кузбасс-ЦОТ,80000.0,,RUR,False
116828389,Программист 1С,Ростов-на-Дону,Дорстрой,200000.0,200000.0,RUR,False
117022628,Middle flutter-разработчик,Санкт-Петербург,ЦЕНТРОФИНАНС,160000.0,160000.0,RUR,False
115947462,Frontend-разработчик,Самара,Тхеоол,80000.0,,RUR,False
116710736,Backend разработчик middle+,Москва,Инноцифра,200000.0,260000.0,RUR,False
116361613,Начинающий php разработчик,Новосибирск,Технодзен,30000.0,,RUR,False
116058651,Full-stack разработчик Python,Москва,letitgo.agency,80000.0,,RUR,False
116886265,Программист,Краснодар,Базанихина Анастасия Владимировна,80000.0,100000.0,RUR,False
116889079,Frontend Developer/Vue.js (Middle),Москва,Тагес Джамп,175800.0,,RUR,False
117225624,PHP / Laravel Разработчик,Минск,Egnition,2000.0,3000.0,USD,True
106793687,Программист,Краснодар,ГБУЗ Краевая клиническая больница №2,70000.0,,RUR,True
116463215,Frontend-разработчик (Electron.js),Санкт-Петербург,DCloud,200000.0,300000.0,RUR,False
117102549,Разработчик 1С Junior,Санкт-Петербург,Неватех,100000.0,,RUR,False
117194651,Full-stack PHP разработчик/Программист,Владивосток,Форвард Консалт,100000.0,250000.0,RUR,False
116571862,Junior Swift UI разработчик,Санкт-Петербург,Broad Apps,45000.0,55000.0,RUR,False
116859349,Python Developer,Тбилиси,АСД Технолоджиз,200000.0,,RUR,False
116375044,Frontend Web Developer (Junior/Junuir+),Екатеринбург,Граффинтерактив,60000.0,80000.0,RUR,False
116859350,Python Developer,Санкт-Петербург,АСД Технолоджиз,200000.0,,RUR,False
117033755,Программист разработчик Ruby on Rails,Москва,Фортис Технологии,80000.0,180000.0,RUR,False
117145156,Junior/Middle Unity Developer,Минск,Токтомамбетов,400.0,700.0,USD,False
115590692,Инженер-программист,Киров (Кировская область),Норвик Банк,60000.0,,RUR,False
116858302,"Инженер-программист (junior С, С++)",Нижний Новгород,Лейкехман Юрий Михайлович,80000.0,120000.0,RUR,False
117109952,Senior Back-End Developer,Минск,КюДеИкс,4000.0,,USD,False
116803008,Бэкенд-разработчик,Воронеж,Диджитал Технологии,120000.0,180000.0,RUR,False
117103686,Python-разработчик,Москва,AdCamp,250000.0,300000.0,RUR,False
117114148,Senior Python Developer Backend,Санкт-Петербург,Buzz,120000.0,200000.0,RUR,False
117184414,PHP-разработчик,Астана,Lashyk,700000.0,1000000.0,KZT,False
115708226,Программист 1С / Начинающий программист 1С,Москва,ККМ24,70000.0,150000.0,RUR,False
117211571,Младший разработчик (стажер) Siebel CRM,Рязань,Nobilis.Team,25000.0,40000.0,RUR,False
116168733,Frontend-разработчик (React),Санкт-Петербург,VibeLab,100000.0,200000.0,RUR,False
116449295,Frontend-разработчик,Астана,Seven Hills of Kazakhstan,400000.0,400000.0,KZT,False
117100883,Web-разработчик,Екатеринбург,Уралтермосвар,60000.0,,RUR,False
116904280,Senior Python developer,Москва,АйТиКвик,330000.0,450000.0,RUR,True
116843850,Python-разработчик,Москва,Интеллектуальные Терминалы,100000.0,150000.0,RUR,False
117123756,Старший разработчик Битрикс,Санкт-Петербург,ПЕНОПЛЭКС,,350000.0,RUR,True
117132417,Fullstack разработчик WEB,Москва,Акульчев,395000.0,,RUR,True
116708868,JS(React)-разработчик,Брянск,Kvando Technologies,,150000.0,RUR,False
116872348,Разработчик программного обеспечения (на Python 3.10+) middle,Новосибирск,NPM,150000.0,,RUR,False
116079154,Программист-разработчик,Ижевск,МАРКСОФТ,,80000.0,RUR,False
117039240,Начинающий Frontend-разработчик,Томск,Сычалин Артем Владимирович,65000.0,,RUR,True
117107166,Fronted Vue разработчик,Санкт-Петербург,Sibdev,120000.0,160000.0,RUR,False
116436881,Golang-разработчик,Москва,JavaCode,200000.0,,RUR,False
117039239,Начинающий Frontend-разработчик,Воронеж,Сычалин Артем Владимирович,65000.0,,RUR,True
116880367,Разработчик ПО,Тюмень,Аксон,,12345.0,RUR,True
117033475,Фронт-энд разработчик Vue.js (проект) удаленно,Санкт-Петербург,Университет искусственного интеллекта,100000.0,150000.0,RUR,False
117038808,Мобильный разработчик Dorbabox,Алматы,Центр здоровья Eurasia med,600000.0,800000.0,KZT,False
116768307,Frontend-разработчик,Москва,Филиал ФКУ Налог-Сервис ФНС России в г. Москве,50000.0,,RUR,False
116752933,Frontend developer,Санкт-Петербург,Novel Software Systems,180000.0,250000.0,RUR,False
117090131,Программист Python (Middle),Алматы,UPPERCASE UAE,1800.0,1800.0,USD,False
108921516,Разработчик (Backend developer / Python),Тюмень,Статус,120000.0,,RUR,False
116813511,Middle frontend-разработчик,Москва,Паравеб,80000.0,,RUR,False
117030193,Инженер-программист,Астана,BERTYS CONSTRUCTION,300000.0,,KZT,True
115039142,Frontend-разработчик,Москва,Сошал Системс,130000.0,230000.0,RUR,False
80736556,Разработчик Python,Ростов-на-Дону,Электронная медицина,30000.0,80000.0,RUR,False
116802130,Веб-разработчик,Тверь,Взлет Медиа,100000.0,,RUR,True
116628561,Frontend-разработчик,Санкт-Петербург,Stratosphere Studios (Штах Лев Игоревич),100000.0,120000.0,RUR,False
116705010,Frontend-разработчик,Казань,БФ Добрый Ребенок,150000.0,200000.0,RUR,True
